,accuracy,f1-score (macro avg)
gru,0.9524475524475524,0.9473072119926136
