{
    "mean": [
        0.47801774740219116,
        0.26517435908317566,
        -0.36422234773635864,
        0.4854428470134735,
        0.24307852983474731,
        -0.34423917531967163,
        0.4900466203689575,
        0.24371734261512756,
        -0.34433043003082275,
        0.494502991437912,
        0.24453796446323395,
        -0.34439653158187866,
        0.47111666202545166,
        0.2416972815990448,
        -0.34566530585289,
        0.4658638536930084,
        0.24146980047225952,
        -0.34570688009262085,
        0.46078386902809143,
        0.2414970099925995,
        -0.3458024561405182,
        0.5006150603294373,
        0.25682854652404785,
        -0.20493319630622864,
        0.45296064019203186,
        0.25255221128463745,
        -0.21273668110370636,
        0.4862682521343231,
        0.2922307848930359,
        -0.3104965388774872,
        0.46799349784851074,
        0.29056423902511597,
        -0.31274017691612244,
        0.5369545817375183,
        0.4044763147830963,
        -0.11346488445997238,
        0.410111665725708,
        0.39223751425743103,
        -0.12214116007089615,
        0.5571267604827881,
        0.5748587846755981,
        -0.09052608907222748,
        0.384265273809433,
        0.5632435083389282,
        -0.12528398633003235,
        0.5456414818763733,
        0.6702399253845215,
        -0.24408741295337677,
        0.3968525826931,
        0.6652952432632446,
        -0.28462767601013184,
        0.5446755290031433,
        0.7041981816291809,
        -0.29122984409332275,
        0.39758867025375366,
        0.7018560171127319,
        -0.32634684443473816,
        0.5371016263961792,
        0.6950122714042664,
        -0.31647416949272156,
        0.4056665301322937,
        0.6938163638114929,
        -0.3556888699531555,
        0.534680187702179,
        0.684482753276825,
        -0.2564680874347687,
        0.40797919034957886,
        0.6825327277183533,
        -0.2986472249031067
    ],
    "std": [
        0.08402164280414581,
        0.05658639967441559,
        0.09783051908016205,
        0.0842294692993164,
        0.05964130535721779,
        0.09812899678945541,
        0.08442458510398865,
        0.05963004380464554,
        0.09811175614595413,
        0.08462919294834137,
        0.059562135487794876,
        0.09811735153198242,
        0.0840270146727562,
        0.059563588351011276,
        0.09960643202066422,
        0.08403109759092331,
        0.059522539377212524,
        0.09962484985589981,
        0.08407214283943176,
        0.05947214365005493,
        0.09963998943567276,
        0.08541309088468552,
        0.058531586080789566,
        0.09051904827356339,
        0.08476001769304276,
        0.05872902274131775,
        0.09613465517759323,
        0.08429421484470367,
        0.05412212759256363,
        0.09293685108423233,
        0.08432618528604507,
        0.0540158748626709,
        0.09482207149267197,
        0.08695612847805023,
        0.04285448044538498,
        0.07588381320238113,
        0.08785495162010193,
        0.04356851056218147,
        0.08234155178070068,
        0.08908945322036743,
        0.0599774532020092,
        0.08722946792840958,
        0.08999177068471909,
        0.055889979004859924,
        0.09826235473155975,
        0.09928270429372787,
        0.14347365498542786,
        0.13498970866203308,
        0.09178099036216736,
        0.12918250262737274,
        0.14933264255523682,
        0.1060713678598404,
        0.1707499772310257,
        0.14469483494758606,
        0.09439197927713394,
        0.15448899567127228,
        0.15928998589515686,
        0.10507261008024216,
        0.1763647049665451,
        0.1317347139120102,
        0.09429248422384262,
        0.15997114777565002,
        0.14856477081775665,
        0.10253152251243591,
        0.16796354949474335,
        0.13042698800563812,
        0.09324048459529877,
        0.1522507220506668,
        0.14566238224506378
    ]
}